{"cameraMode":{"drawMode":0,"name":"Shaded","section":"Shading Mode"},"sceneLighting":true,"audioPlay":false,"sceneViewState":{"showFog":true,"showMaterialUpdate":true,"showSkybox":true,"showFlares":true,"showImageEffects":true,"showParticleSystems":true},"in2DMode":false,"pivot":{"x":-23.376811981201173,"y":9.595029830932618,"z":10.595321655273438},"rotation":{"x":0.09777946770191193,"y":-0.418413907289505,"z":0.04536481201648712,"w":0.9018405079841614},"size":39.32240295410156,"orthographic":false}